, readtime ,Register,Usage
1,7/1/2026,84887.9gal,0gal
2,7/1/2026 1:00:00 AM,84887.9gal,0gal
3,7/1/2026 2:00:00 AM,84887.9gal,0gal
4,7/1/2026 3:00:00 AM,84887.9gal,0gal
5,7/1/2026 4:00:00 AM,84887.9gal,0gal
6,7/1/2026 5:00:00 AM,84888.1gal,0.2gal
7,7/1/2026 6:00:00 AM,84888.1gal,0gal
8,7/1/2026 7:00:00 AM,84888.1gal,0gal
9,7/1/2026 8:00:00 AM,-,-
10,7/1/2026 9:00:00 AM,-,-
11,7/1/2026 10:00:00 AM,-,-
12,7/1/2026 11:00:00 AM,-,-
13,7/1/2026 12:00:00 PM,-,-
14,7/1/2026 1:00:00 PM,84894.4gal,6.3gal
15,7/1/2026 2:00:00 PM,84894.4gal,0gal
16,7/1/2026 3:00:00 PM,84894.4gal,0gal
17,7/1/2026 4:00:00 PM,84894.4gal,0gal
18,7/1/2026 5:00:00 PM,-,-
19,7/1/2026 6:00:00 PM,-,-
20,7/1/2026 7:00:00 PM,-,-
21,7/1/2026 8:00:00 PM,-,-
22,7/1/2026 9:00:00 PM,-,-
23,7/1/2026 10:00:00 PM,-,-
24,7/1/2026 11:00:00 PM,84895.2gal,0.8gal
25,7/2/2026,84895.2gal,0gal
26,7/2/2026 1:00:00 AM,84895.2gal,0gal
27,7/2/2026 2:00:00 AM,84895.2gal,0gal
28,7/2/2026 3:00:00 AM,84895.2gal,0gal
29,7/2/2026 4:00:00 AM,84895.2gal,0gal
30,7/2/2026 5:00:00 AM,-,-
31,7/2/2026 6:00:00 AM,-,-
32,7/2/2026 7:00:00 AM,-,-
33,7/2/2026 8:00:00 AM,-,-
34,7/2/2026 9:00:00 AM,-,-
35,7/2/2026 10:00:00 AM,-,-
36,7/2/2026 11:00:00 AM,-,-
37,7/2/2026 12:00:00 PM,-,-
38,7/2/2026 1:00:00 PM,-,-
39,7/2/2026 2:00:00 PM,-,-
40,7/2/2026 3:00:00 PM,-,-
41,7/2/2026 4:00:00 PM,-,-
42,7/2/2026 5:00:00 PM,-,-
43,7/2/2026 6:00:00 PM,-,-
44,7/2/2026 7:00:00 PM,-,-
45,7/2/2026 8:00:00 PM,-,-
46,7/2/2026 9:00:00 PM,-,-
47,7/2/2026 10:00:00 PM,84911.1gal,15.9gal
48,7/2/2026 11:00:00 PM,84911.1gal,0gal
49,7/3/2026,-,-
50,7/3/2026 1:00:00 AM,-,-
51,7/3/2026 2:00:00 AM,-,-
52,7/3/2026 3:00:00 AM,-,-
53,7/3/2026 4:00:00 AM,-,-
54,7/3/2026 5:00:00 AM,-,-
55,7/3/2026 6:00:00 AM,84916gal,4.9gal
56,7/3/2026 7:00:00 AM,84916gal,0gal
57,7/3/2026 8:00:00 AM,84916gal,0gal
58,7/3/2026 9:00:00 AM,84916gal,0gal
59,7/3/2026 10:00:00 AM,84916gal,0gal
60,7/3/2026 11:00:00 AM,84916gal,0gal
61,7/3/2026 12:00:00 PM,84916gal,0gal
62,7/3/2026 1:00:00 PM,84916.7gal,0.7gal
63,7/3/2026 2:00:00 PM,84916.7gal,0gal
64,7/3/2026 3:00:00 PM,84943.5gal,26.8gal
65,7/3/2026 4:00:00 PM,-,-
66,7/3/2026 5:00:00 PM,-,-
67,7/3/2026 6:00:00 PM,-,-
68,7/3/2026 7:00:00 PM,-,-
69,7/3/2026 8:00:00 PM,-,-
70,7/3/2026 9:00:00 PM,-,-
71,7/3/2026 10:00:00 PM,84944.9gal,1.4gal
72,7/3/2026 11:00:00 PM,84944.9gal,0gal
73,7/4/2026,84944.9gal,0gal
74,7/4/2026 1:00:00 AM,84944.9gal,0gal
75,7/4/2026 2:00:00 AM,84944.9gal,0gal
76,7/4/2026 3:00:00 AM,84944.9gal,0gal
77,7/4/2026 4:00:00 AM,84944.9gal,0gal
78,7/4/2026 5:00:00 AM,84944.9gal,0gal
79,7/4/2026 6:00:00 AM,84949.7gal,4.8gal
80,7/4/2026 7:00:00 AM,84949.7gal,0gal
81,7/4/2026 8:00:00 AM,-,-
82,7/4/2026 9:00:00 AM,-,-
83,7/4/2026 10:00:00 AM,84985.2gal,35.5gal
84,7/4/2026 11:00:00 AM,85008.1gal,22.9gal
85,7/4/2026 12:00:00 PM,85013.5gal,5.4gal
86,7/4/2026 1:00:00 PM,85013.5gal,0gal
87,7/4/2026 2:00:00 PM,85013.5gal,0gal
88,7/4/2026 3:00:00 PM,85013.5gal,0gal
89,7/4/2026 4:00:00 PM,85013.5gal,0gal
90,7/4/2026 5:00:00 PM,85013.5gal,0gal
91,7/4/2026 6:00:00 PM,85013.5gal,0gal
92,7/4/2026 7:00:00 PM,-,-
93,7/4/2026 8:00:00 PM,-,-
94,7/4/2026 9:00:00 PM,-,-
95,7/4/2026 10:00:00 PM,-,-
96,7/4/2026 11:00:00 PM,85014.1gal,0.6gal
97,7/5/2026,85014.1gal,0gal
98,7/5/2026 1:00:00 AM,85014.1gal,0gal
99,7/5/2026 2:00:00 AM,85014.1gal,0gal
100,7/5/2026 3:00:00 AM,85014.1gal,0gal
101,7/5/2026 4:00:00 AM,85014.1gal,0gal
102,7/5/2026 5:00:00 AM,85014.1gal,0gal
103,7/5/2026 6:00:00 AM,85019.3gal,5.2gal
104,7/5/2026 7:00:00 AM,-,-
105,7/5/2026 8:00:00 AM,-,-
106,7/5/2026 9:00:00 AM,-,-
107,7/5/2026 10:00:00 AM,-,-
108,7/5/2026 11:00:00 AM,-,-
109,7/5/2026 12:00:00 PM,-,-
110,7/5/2026 1:00:00 PM,-,-
111,7/5/2026 2:00:00 PM,-,-
112,7/5/2026 3:00:00 PM,-,-
113,7/5/2026 4:00:00 PM,-,-
114,7/5/2026 5:00:00 PM,85025.4gal,6.1gal
115,7/5/2026 6:00:00 PM,85025.4gal,0gal
116,7/5/2026 7:00:00 PM,85025.4gal,0gal
117,7/5/2026 8:00:00 PM,85025.4gal,0gal
118,7/5/2026 9:00:00 PM,85025.4gal,0gal
119,7/5/2026 10:00:00 PM,85025.4gal,0gal
120,7/5/2026 11:00:00 PM,85025.4gal,0gal
121,7/6/2026,85025.4gal,0gal
122,7/6/2026 1:00:00 AM,85025.4gal,0gal
123,7/6/2026 2:00:00 AM,85025.4gal,0gal
124,7/6/2026 3:00:00 AM,85025.4gal,0gal
125,7/6/2026 4:00:00 AM,85025.4gal,0gal
126,7/6/2026 5:00:00 AM,85025.9gal,0.5gal
127,7/6/2026 6:00:00 AM,85025.9gal,0gal
128,7/6/2026 7:00:00 AM,-,-
129,7/6/2026 8:00:00 AM,-,-
130,7/6/2026 9:00:00 AM,85046.8gal,20.9gal
131,7/6/2026 10:00:00 AM,85046.8gal,0gal
132,7/6/2026 11:00:00 AM,85046.8gal,0gal
133,7/6/2026 12:00:00 PM,85046.8gal,0gal
134,7/6/2026 1:00:00 PM,85046.8gal,0gal
135,7/6/2026 2:00:00 PM,85046.8gal,0gal
136,7/6/2026 3:00:00 PM,85046.8gal,0gal
137,7/6/2026 4:00:00 PM,85051.5gal,4.7gal
138,7/6/2026 5:00:00 PM,85051.5gal,0gal
139,7/6/2026 6:00:00 PM,85051.5gal,0gal
140,7/6/2026 7:00:00 PM,85051.5gal,0gal
141,7/6/2026 8:00:00 PM,85051.5gal,0gal
142,7/6/2026 9:00:00 PM,85051.5gal,0gal
143,7/6/2026 10:00:00 PM,85051.5gal,0gal
144,7/6/2026 11:00:00 PM,85051.7gal,0.2gal
145,7/7/2026,-,-
146,7/7/2026 1:00:00 AM,-,-
147,7/7/2026 2:00:00 AM,-,-
148,7/7/2026 3:00:00 AM,-,-
149,7/7/2026 4:00:00 AM,-,-
150,7/7/2026 5:00:00 AM,85057.2gal,5.5gal
151,7/7/2026 6:00:00 AM,85057.2gal,0gal
152,7/7/2026 7:00:00 AM,85057.2gal,0gal
153,7/7/2026 8:00:00 AM,85057.2gal,0gal
154,7/7/2026 9:00:00 AM,85057.2gal,0gal
155,7/7/2026 10:00:00 AM,85057.2gal,0gal
156,7/7/2026 11:00:00 AM,85057.6gal,0.4gal
157,7/7/2026 12:00:00 PM,85062.9gal,5.3gal
158,7/7/2026 1:00:00 PM,85062.9gal,0gal
159,7/7/2026 2:00:00 PM,85062.9gal,0gal
160,7/7/2026 3:00:00 PM,85062.9gal,0gal
161,7/7/2026 4:00:00 PM,85062.9gal,0gal
162,7/7/2026 5:00:00 PM,85063.3gal,0.4gal
163,7/7/2026 6:00:00 PM,85063.3gal,0gal
164,7/7/2026 7:00:00 PM,85063.3gal,0gal
165,7/7/2026 8:00:00 PM,85063.3gal,0gal
166,7/7/2026 9:00:00 PM,85066.8gal,3.5gal
167,7/7/2026 10:00:00 PM,85068.3gal,1.5gal
168,7/7/2026 11:00:00 PM,85068.3gal,0gal
169,7/8/2026,85068.3gal,0gal
170,7/8/2026 1:00:00 AM,85068.3gal,0gal
171,7/8/2026 2:00:00 AM,85068.3gal,0gal
172,7/8/2026 3:00:00 AM,85068.3gal,0gal
173,7/8/2026 4:00:00 AM,85068.3gal,0gal
174,7/8/2026 5:00:00 AM,85068.3gal,0gal
175,7/8/2026 6:00:00 AM,85068.8gal,0.5gal
176,7/8/2026 7:00:00 AM,85068.8gal,0gal
177,7/8/2026 8:00:00 AM,85068.8gal,0gal
178,7/8/2026 9:00:00 AM,85068.8gal,0gal
179,7/8/2026 10:00:00 AM,85068.8gal,0gal
180,7/8/2026 11:00:00 AM,85068.8gal,0gal
181,7/8/2026 12:00:00 PM,85068.8gal,0gal
182,7/8/2026 1:00:00 PM,85068.8gal,0gal
183,7/8/2026 2:00:00 PM,85076.1gal,7.3gal
184,7/8/2026 3:00:00 PM,85076.1gal,0gal
185,7/8/2026 4:00:00 PM,85076.1gal,0gal
186,7/8/2026 5:00:00 PM,85076.1gal,0gal
187,7/8/2026 6:00:00 PM,85076.1gal,0gal
188,7/8/2026 7:00:00 PM,85076.1gal,0gal
189,7/8/2026 8:00:00 PM,85076.1gal,0gal
190,7/8/2026 9:00:00 PM,85076.1gal,0gal
191,7/8/2026 10:00:00 PM,85076.1gal,0gal
192,7/8/2026 11:00:00 PM,85076.1gal,0gal
193,7/9/2026,85076.1gal,0gal
194,7/9/2026 1:00:00 AM,85076.1gal,0gal
195,7/9/2026 2:00:00 AM,85076.1gal,0gal
196,7/9/2026 3:00:00 AM,85076.1gal,0gal
197,7/9/2026 4:00:00 AM,85076.1gal,0gal
198,7/9/2026 5:00:00 AM,85076.1gal,0gal
199,7/9/2026 6:00:00 AM,-,-
200,7/9/2026 7:00:00 AM,85081.6gal,5.5gal
201,7/9/2026 8:00:00 AM,85081.6gal,0gal
202,7/9/2026 9:00:00 AM,85081.6gal,0gal
203,7/9/2026 10:00:00 AM,85082.9gal,1.3gal
204,7/9/2026 11:00:00 AM,85085gal,2.1gal
205,7/9/2026 12:00:00 PM,85086.9gal,1.9gal
206,7/9/2026 1:00:00 PM,85086.9gal,0gal
207,7/9/2026 2:00:00 PM,-,-
208,7/9/2026 3:00:00 PM,85091.6gal,4.7gal
209,7/9/2026 4:00:00 PM,85091.6gal,0gal
210,7/9/2026 5:00:00 PM,85091.6gal,0gal
211,7/9/2026 6:00:00 PM,85091.6gal,0gal
212,7/9/2026 7:00:00 PM,85091.6gal,0gal
213,7/9/2026 8:00:00 PM,85093.8gal,2.2gal
214,7/9/2026 9:00:00 PM,85093.8gal,0gal
215,7/9/2026 10:00:00 PM,85093.8gal,0gal
216,7/9/2026 11:00:00 PM,85093.8gal,0gal
217,7/10/2026,85093.8gal,0gal
218,7/10/2026 1:00:00 AM,85093.8gal,0gal
219,7/10/2026 2:00:00 AM,85093.8gal,0gal
220,7/10/2026 3:00:00 AM,85093.8gal,0gal
221,7/10/2026 4:00:00 AM,85093.8gal,0gal
222,7/10/2026 5:00:00 AM,85093.8gal,0gal
223,7/10/2026 6:00:00 AM,85099gal,5.2gal
224,7/10/2026 7:00:00 AM,85099gal,0gal
225,7/10/2026 8:00:00 AM,85099gal,0gal
226,7/10/2026 9:00:00 AM,85099gal,0gal
227,7/10/2026 10:00:00 AM,85099gal,0gal
228,7/10/2026 11:00:00 AM,85099gal,0gal
229,7/10/2026 12:00:00 PM,85100.3gal,1.3gal
230,7/10/2026 1:00:00 PM,85100.3gal,0gal
231,7/10/2026 2:00:00 PM,85100.3gal,0gal
232,7/10/2026 3:00:00 PM,85100.3gal,0gal
233,7/10/2026 4:00:00 PM,85100.3gal,0gal
234,7/10/2026 5:00:00 PM,85100.3gal,0gal
235,7/10/2026 6:00:00 PM,85141.9gal,41.6gal
236,7/10/2026 7:00:00 PM,85181.9gal,40gal
237,7/10/2026 8:00:00 PM,85181.9gal,0gal
238,7/10/2026 9:00:00 PM,85181.9gal,0gal
239,7/10/2026 10:00:00 PM,85181.9gal,0gal
240,7/10/2026 11:00:00 PM,85181.9gal,0gal
241,7/11/2026,85181.9gal,0gal
242,7/11/2026 1:00:00 AM,85181.9gal,0gal
243,7/11/2026 2:00:00 AM,85181.9gal,0gal
244,7/11/2026 3:00:00 AM,85181.9gal,0gal
245,7/11/2026 4:00:00 AM,85181.9gal,0gal
246,7/11/2026 5:00:00 AM,85181.9gal,0gal
247,7/11/2026 6:00:00 AM,85181.9gal,0gal
248,7/11/2026 7:00:00 AM,85181.9gal,0gal
249,7/11/2026 8:00:00 AM,85181.9gal,0gal
250,7/11/2026 9:00:00 AM,85181.9gal,0gal
251,7/11/2026 10:00:00 AM,85187.1gal,5.2gal
252,7/11/2026 11:00:00 AM,85187.1gal,0gal
253,7/11/2026 12:00:00 PM,85187.1gal,0gal
254,7/11/2026 1:00:00 PM,85187.1gal,0gal
255,7/11/2026 2:00:00 PM,85187.1gal,0gal
256,7/11/2026 3:00:00 PM,85187.1gal,0gal
257,7/11/2026 4:00:00 PM,85187.1gal,0gal
258,7/11/2026 5:00:00 PM,85187.8gal,0.7gal
259,7/11/2026 6:00:00 PM,85187.8gal,0gal
260,7/11/2026 7:00:00 PM,85187.8gal,0gal
261,7/11/2026 8:00:00 PM,85187.8gal,0gal
262,7/11/2026 9:00:00 PM,85187.8gal,0gal
263,7/11/2026 10:00:00 PM,85187.8gal,0gal
264,7/11/2026 11:00:00 PM,85187.8gal,0gal
265,7/12/2026,85192.9gal,5.1gal
266,7/12/2026 1:00:00 AM,85192.9gal,0gal
267,7/12/2026 2:00:00 AM,85192.9gal,0gal
268,7/12/2026 3:00:00 AM,85192.9gal,0gal
269,7/12/2026 4:00:00 AM,85192.9gal,0gal
270,7/12/2026 5:00:00 AM,85192.9gal,0gal
271,7/12/2026 6:00:00 AM,85193.4gal,0.5gal
272,7/12/2026 7:00:00 AM,85193.4gal,0gal
273,7/12/2026 8:00:00 AM,85193.6gal,0.2gal
274,7/12/2026 9:00:00 AM,85193.6gal,0gal
275,7/12/2026 10:00:00 AM,85194gal,0.4gal
276,7/12/2026 11:00:00 AM,85194gal,0gal
277,7/12/2026 12:00:00 PM,-,-
278,7/12/2026 1:00:00 PM,-,-
279,7/12/2026 2:00:00 PM,-,-
280,7/12/2026 3:00:00 PM,-,-
281,7/12/2026 4:00:00 PM,85198.9gal,4.9gal
282,7/12/2026 5:00:00 PM,85198.9gal,0gal
283,7/12/2026 6:00:00 PM,85198.9gal,0gal
284,7/12/2026 7:00:00 PM,85198.9gal,0gal
285,7/12/2026 8:00:00 PM,85198.9gal,0gal
286,7/12/2026 9:00:00 PM,85198.9gal,0gal
287,7/12/2026 10:00:00 PM,85198.9gal,0gal
288,7/12/2026 11:00:00 PM,85198.9gal,0gal
289,7/13/2026,85198.9gal,0gal
290,7/13/2026 1:00:00 AM,85198.9gal,0gal
291,7/13/2026 2:00:00 AM,85198.9gal,0gal
292,7/13/2026 3:00:00 AM,85198.9gal,0gal
293,7/13/2026 4:00:00 AM,85198.9gal,0gal
294,7/13/2026 5:00:00 AM,85198.9gal,0gal
295,7/13/2026 6:00:00 AM,-,-
296,7/13/2026 7:00:00 AM,85201gal,2.1gal
297,7/13/2026 8:00:00 AM,85204.2gal,3.2gal
298,7/13/2026 9:00:00 AM,85204.2gal,0gal
299,7/13/2026 10:00:00 AM,85206gal,1.8gal
300,7/13/2026 11:00:00 AM,85206gal,0gal
301,7/13/2026 12:00:00 PM,85206gal,0gal
302,7/13/2026 1:00:00 PM,85206gal,0gal
303,7/13/2026 2:00:00 PM,85210.6gal,4.6gal
304,7/13/2026 3:00:00 PM,85210.6gal,0gal
305,7/13/2026 4:00:00 PM,85210.6gal,0gal
306,7/13/2026 5:00:00 PM,85210.6gal,0gal
307,7/13/2026 6:00:00 PM,85210.6gal,0gal
308,7/13/2026 7:00:00 PM,85210.6gal,0gal
309,7/13/2026 8:00:00 PM,85215.2gal,4.6gal
310,7/13/2026 9:00:00 PM,85215.2gal,0gal
311,7/13/2026 10:00:00 PM,85215.2gal,0gal
312,7/13/2026 11:00:00 PM,85215.2gal,0gal
313,7/14/2026,85215.8gal,0.6gal
314,7/14/2026 1:00:00 AM,85215.8gal,0gal
315,7/14/2026 2:00:00 AM,85215.8gal,0gal
316,7/14/2026 3:00:00 AM,85215.8gal,0gal
317,7/14/2026 4:00:00 AM,85215.8gal,0gal
318,7/14/2026 5:00:00 AM,85215.8gal,0gal
319,7/14/2026 6:00:00 AM,85220.7gal,4.9gal
320,7/14/2026 7:00:00 AM,85220.7gal,0gal
321,7/14/2026 8:00:00 AM,85221.3gal,0.6gal
322,7/14/2026 9:00:00 AM,85221.3gal,0gal
323,7/14/2026 10:00:00 AM,85221.3gal,0gal
324,7/14/2026 11:00:00 AM,85221.3gal,0gal
325,7/14/2026 12:00:00 PM,85221.6gal,0.3gal
326,7/14/2026 1:00:00 PM,85221.6gal,0gal
327,7/14/2026 2:00:00 PM,-,-
328,7/14/2026 3:00:00 PM,85226.1gal,4.5gal
329,7/14/2026 4:00:00 PM,85226.1gal,0gal
330,7/14/2026 5:00:00 PM,85226.1gal,0gal
331,7/14/2026 6:00:00 PM,-,-
332,7/14/2026 7:00:00 PM,-,-
333,7/14/2026 8:00:00 PM,-,-
334,7/14/2026 9:00:00 PM,-,-
335,7/14/2026 10:00:00 PM,-,-
336,7/14/2026 11:00:00 PM,85231.6gal,5.5gal
337,7/15/2026,85231.6gal,0gal
338,7/15/2026 1:00:00 AM,85231.6gal,0gal
339,7/15/2026 2:00:00 AM,85231.6gal,0gal
340,7/15/2026 3:00:00 AM,85231.6gal,0gal
341,7/15/2026 4:00:00 AM,85231.6gal,0gal
342,7/15/2026 5:00:00 AM,85231.6gal,0gal
343,7/15/2026 6:00:00 AM,85231.6gal,0gal
344,7/15/2026 7:00:00 AM,85231.6gal,0gal
345,7/15/2026 8:00:00 AM,85231.6gal,0gal
346,7/15/2026 9:00:00 AM,85231.6gal,0gal
347,7/15/2026 10:00:00 AM,85231.6gal,0gal
348,7/15/2026 11:00:00 AM,85231.6gal,0gal
349,7/15/2026 12:00:00 PM,85231.6gal,0gal
350,7/15/2026 1:00:00 PM,85231.6gal,0gal
351,7/15/2026 2:00:00 PM,85231.6gal,0gal
352,7/15/2026 3:00:00 PM,85232.5gal,0.9gal
353,7/15/2026 4:00:00 PM,85236.4gal,3.9gal
354,7/15/2026 5:00:00 PM,85236.4gal,0gal
355,7/15/2026 6:00:00 PM,85236.4gal,0gal
356,7/15/2026 7:00:00 PM,85236.4gal,0gal
357,7/15/2026 8:00:00 PM,85236.4gal,0gal
358,7/15/2026 9:00:00 PM,85236.4gal,0gal
359,7/15/2026 10:00:00 PM,85240.6gal,4.2gal
360,7/15/2026 11:00:00 PM,85241.2gal,0.6gal
361,7/16/2026,85241.2gal,0gal
362,7/16/2026 1:00:00 AM,85241.2gal,0gal
363,7/16/2026 2:00:00 AM,85241.2gal,0gal
364,7/16/2026 3:00:00 AM,85241.2gal,0gal
365,7/16/2026 4:00:00 AM,85241.2gal,0gal
366,7/16/2026 5:00:00 AM,85241.2gal,0gal
367,7/16/2026 6:00:00 AM,85246.4gal,5.2gal
368,7/16/2026 7:00:00 AM,85246.4gal,0gal
369,7/16/2026 8:00:00 AM,85247.2gal,0.8gal
370,7/16/2026 9:00:00 AM,85247.2gal,0gal
371,7/16/2026 10:00:00 AM,-,-
372,7/16/2026 11:00:00 AM,85269.9gal,22.7gal
373,7/16/2026 12:00:00 PM,85270.1gal,0.2gal
374,7/16/2026 1:00:00 PM,85270.1gal,0gal
375,7/16/2026 2:00:00 PM,-,-
376,7/16/2026 3:00:00 PM,-,-
377,7/16/2026 4:00:00 PM,-,-
378,7/16/2026 5:00:00 PM,-,-
379,7/16/2026 6:00:00 PM,-,-
380,7/16/2026 7:00:00 PM,-,-
381,7/16/2026 8:00:00 PM,-,-
382,7/16/2026 9:00:00 PM,-,-
383,7/16/2026 10:00:00 PM,85271.8gal,1.7gal
384,7/16/2026 11:00:00 PM,85271.8gal,0gal
385,7/17/2026,85271.8gal,0gal
386,7/17/2026 1:00:00 AM,85271.8gal,0gal
387,7/17/2026 2:00:00 AM,85271.8gal,0gal
388,7/17/2026 3:00:00 AM,85271.8gal,0gal
389,7/17/2026 4:00:00 AM,85271.8gal,0gal
390,7/17/2026 5:00:00 AM,85276.8gal,5gal
391,7/17/2026 6:00:00 AM,85276.8gal,0gal
392,7/17/2026 7:00:00 AM,85276.8gal,0gal
393,7/17/2026 8:00:00 AM,85276.8gal,0gal
394,7/17/2026 9:00:00 AM,85276.8gal,0gal
395,7/17/2026 10:00:00 AM,85276.8gal,0gal
396,7/17/2026 11:00:00 AM,85276.8gal,0gal
397,7/17/2026 12:00:00 PM,85276.8gal,0gal
398,7/17/2026 1:00:00 PM,85276.8gal,0gal
399,7/17/2026 2:00:00 PM,85276.8gal,0gal
400,7/17/2026 3:00:00 PM,85276.8gal,0gal
401,7/17/2026 4:00:00 PM,85276.8gal,0gal
402,7/17/2026 5:00:00 PM,85276.8gal,0gal
403,7/17/2026 6:00:00 PM,85276.8gal,0gal
404,7/17/2026 7:00:00 PM,85281.5gal,4.7gal
405,7/17/2026 8:00:00 PM,85281.5gal,0gal
406,7/17/2026 9:00:00 PM,85281.5gal,0gal
407,7/17/2026 10:00:00 PM,85281.5gal,0gal
408,7/17/2026 11:00:00 PM,85284.9gal,3.4gal
409,7/18/2026,85286.6gal,1.7gal
410,7/18/2026 1:00:00 AM,85286.6gal,0gal
411,7/18/2026 2:00:00 AM,85286.6gal,0gal
412,7/18/2026 3:00:00 AM,85286.6gal,0gal
413,7/18/2026 4:00:00 AM,85286.6gal,0gal
414,7/18/2026 5:00:00 AM,85286.6gal,0gal
415,7/18/2026 6:00:00 AM,85291.5gal,4.9gal
416,7/18/2026 7:00:00 AM,85291.5gal,0gal
417,7/18/2026 8:00:00 AM,85291.5gal,0gal
418,7/18/2026 9:00:00 AM,-,-
419,7/18/2026 10:00:00 AM,-,-
420,7/18/2026 11:00:00 AM,85300.6gal,9.1gal
421,7/18/2026 12:00:00 PM,85302.6gal,2gal
422,7/18/2026 1:00:00 PM,85307gal,4.4gal
423,7/18/2026 2:00:00 PM,85307gal,0gal
424,7/18/2026 3:00:00 PM,85307gal,0gal
425,7/18/2026 4:00:00 PM,85311.9gal,4.9gal
426,7/18/2026 5:00:00 PM,85311.9gal,0gal
427,7/18/2026 6:00:00 PM,85311.9gal,0gal
428,7/18/2026 7:00:00 PM,85311.9gal,0gal
429,7/18/2026 8:00:00 PM,85311.9gal,0gal
430,7/18/2026 9:00:00 PM,85311.9gal,0gal
431,7/18/2026 10:00:00 PM,85312.4gal,0.5gal
432,7/18/2026 11:00:00 PM,85312.4gal,0gal
433,7/19/2026,85312.4gal,0gal
434,7/19/2026 1:00:00 AM,85312.4gal,0gal
435,7/19/2026 2:00:00 AM,85312.4gal,0gal
436,7/19/2026 3:00:00 AM,85312.4gal,0gal
437,7/19/2026 4:00:00 AM,85312.4gal,0gal
438,7/19/2026 5:00:00 AM,85312.4gal,0gal
439,7/19/2026 6:00:00 AM,85312.4gal,0gal
440,7/19/2026 7:00:00 AM,85312.4gal,0gal
441,7/19/2026 8:00:00 AM,85317.5gal,5.1gal
442,7/19/2026 9:00:00 AM,85317.5gal,0gal
443,7/19/2026 10:00:00 AM,85317.5gal,0gal
444,7/19/2026 11:00:00 AM,85317.5gal,0gal
445,7/19/2026 12:00:00 PM,-,-
446,7/19/2026 1:00:00 PM,-,-
447,7/19/2026 2:00:00 PM,-,-
448,7/19/2026 3:00:00 PM,-,-
449,7/19/2026 4:00:00 PM,-,-
450,7/19/2026 5:00:00 PM,-,-
451,7/19/2026 6:00:00 PM,85323.2gal,5.7gal
452,7/19/2026 7:00:00 PM,85323.2gal,0gal
453,7/19/2026 8:00:00 PM,85323.2gal,0gal
454,7/19/2026 9:00:00 PM,85323.2gal,0gal
455,7/19/2026 10:00:00 PM,85323.2gal,0gal
456,7/19/2026 11:00:00 PM,85323.2gal,0gal
457,7/20/2026,85323.2gal,0gal
458,7/20/2026 1:00:00 AM,85323.2gal,0gal
459,7/20/2026 2:00:00 AM,85323.2gal,0gal
460,7/20/2026 3:00:00 AM,85323.2gal,0gal
461,7/20/2026 4:00:00 AM,85323.2gal,0gal
462,7/20/2026 5:00:00 AM,85323.2gal,0gal
463,7/20/2026 6:00:00 AM,85327.9gal,4.7gal
464,7/20/2026 7:00:00 AM,85327.9gal,0gal
465,7/20/2026 8:00:00 AM,85328.1gal,0.2gal
466,7/20/2026 9:00:00 AM,85328.1gal,0gal
467,7/20/2026 10:00:00 AM,-,-
468,7/20/2026 11:00:00 AM,85332.7gal,4.6gal
469,7/20/2026 12:00:00 PM,85333gal,0.3gal
470,7/20/2026 1:00:00 PM,85333gal,0gal
471,7/20/2026 2:00:00 PM,85333gal,0gal
472,7/20/2026 3:00:00 PM,85333gal,0gal
473,7/20/2026 4:00:00 PM,85333.2gal,0.2gal
474,7/20/2026 5:00:00 PM,85333.2gal,0gal
475,7/20/2026 6:00:00 PM,85335gal,1.8gal
476,7/20/2026 7:00:00 PM,85335gal,0gal
477,7/20/2026 8:00:00 PM,85335gal,0gal
478,7/20/2026 9:00:00 PM,85335gal,0gal
479,7/20/2026 10:00:00 PM,-,-
480,7/20/2026 11:00:00 PM,85339.7gal,4.7gal
481,7/21/2026,85339.7gal,0gal
482,7/21/2026 1:00:00 AM,85339.7gal,0gal
483,7/21/2026 2:00:00 AM,85339.7gal,0gal
484,7/21/2026 3:00:00 AM,85339.7gal,0gal
485,7/21/2026 4:00:00 AM,85339.7gal,0gal
486,7/21/2026 5:00:00 AM,85339.7gal,0gal
487,7/21/2026 6:00:00 AM,85340.3gal,0.6gal
488,7/21/2026 7:00:00 AM,85340.3gal,0gal
489,7/21/2026 8:00:00 AM,85341.1gal,0.8gal
490,7/21/2026 9:00:00 AM,85341.1gal,0gal
491,7/21/2026 10:00:00 AM,85341.6gal,0.5gal
492,7/21/2026 11:00:00 AM,85341.6gal,0gal
493,7/21/2026 12:00:00 PM,-,-
494,7/21/2026 1:00:00 PM,85344.3gal,2.7gal
495,7/21/2026 2:00:00 PM,85345.9gal,1.6gal
496,7/21/2026 3:00:00 PM,85345.9gal,0gal
497,7/21/2026 4:00:00 PM,85346.1gal,0.2gal
498,7/21/2026 5:00:00 PM,85346.1gal,0gal
499,7/21/2026 6:00:00 PM,85346.3gal,0.2gal
500,7/21/2026 7:00:00 PM,85346.3gal,0gal
501,7/21/2026 8:00:00 PM,-,-
502,7/21/2026 9:00:00 PM,-,-
503,7/21/2026 10:00:00 PM,-,-
504,7/21/2026 11:00:00 PM,-,-
505,7/22/2026,-,-
506,7/22/2026 1:00:00 AM,-,-
507,7/22/2026 2:00:00 AM,-,-
508,7/22/2026 3:00:00 AM,-,-
509,7/22/2026 4:00:00 AM,-,-
510,7/22/2026 5:00:00 AM,-,-
511,7/22/2026 6:00:00 AM,85351.8gal,5.5gal
512,7/22/2026 7:00:00 AM,85374.7gal,22.9gal
513,7/22/2026 8:00:00 AM,85374.7gal,0gal
514,7/22/2026 9:00:00 AM,-,-
515,7/22/2026 10:00:00 AM,-,-
516,7/22/2026 11:00:00 AM,-,-
517,7/22/2026 12:00:00 PM,-,-
518,7/22/2026 1:00:00 PM,-,-
519,7/22/2026 2:00:00 PM,-,-
520,7/22/2026 3:00:00 PM,-,-
521,7/22/2026 4:00:00 PM,-,-
522,7/22/2026 5:00:00 PM,-,-
523,7/22/2026 6:00:00 PM,-,-
524,7/22/2026 7:00:00 PM,-,-
525,7/22/2026 8:00:00 PM,-,-
526,7/22/2026 9:00:00 PM,-,-
527,7/22/2026 10:00:00 PM,85379.8gal,5.1gal
528,7/22/2026 11:00:00 PM,85379.8gal,0gal
529,7/23/2026,85379.8gal,0gal
530,7/23/2026 1:00:00 AM,85379.8gal,0gal
531,7/23/2026 2:00:00 AM,85380gal,0.2gal
532,7/23/2026 3:00:00 AM,85380gal,0gal
533,7/23/2026 4:00:00 AM,85380gal,0gal
534,7/23/2026 5:00:00 AM,85380gal,0gal
535,7/23/2026 6:00:00 AM,-,-
536,7/23/2026 7:00:00 AM,85385.4gal,5.4gal
537,7/23/2026 8:00:00 AM,85385.4gal,0gal
538,7/23/2026 9:00:00 AM,85385.4gal,0gal
539,7/23/2026 10:00:00 AM,85386gal,0.6gal
540,7/23/2026 11:00:00 AM,85386gal,0gal
541,7/23/2026 12:00:00 PM,85387.3gal,1.3gal
542,7/23/2026 1:00:00 PM,85387.3gal,0gal
543,7/23/2026 2:00:00 PM,85387.3gal,0gal
544,7/23/2026 3:00:00 PM,85387.3gal,0gal
545,7/23/2026 4:00:00 PM,85390.8gal,3.5gal
546,7/23/2026 5:00:00 PM,85392.3gal,1.5gal
547,7/23/2026 6:00:00 PM,85392.3gal,0gal
548,7/23/2026 7:00:00 PM,85392.3gal,0gal
549,7/23/2026 8:00:00 PM,85392.3gal,0gal
550,7/23/2026 9:00:00 PM,85392.3gal,0gal
551,7/23/2026 10:00:00 PM,85392.3gal,0gal
552,7/23/2026 11:00:00 PM,85398gal,5.7gal
553,7/24/2026,85398gal,0gal
554,7/24/2026 1:00:00 AM,85398gal,0gal
555,7/24/2026 2:00:00 AM,85398gal,0gal
556,7/24/2026 3:00:00 AM,85398gal,0gal
557,7/24/2026 4:00:00 AM,85398gal,0gal
558,7/24/2026 5:00:00 AM,85398gal,0gal
559,7/24/2026 6:00:00 AM,85403.1gal,5.1gal
560,7/24/2026 7:00:00 AM,85403.1gal,0gal
561,7/24/2026 8:00:00 AM,85408.8gal,5.7gal
562,7/24/2026 9:00:00 AM,85408.8gal,0gal
563,7/24/2026 10:00:00 AM,85408.8gal,0gal
564,7/24/2026 11:00:00 AM,85408.8gal,0gal
565,7/24/2026 12:00:00 PM,85409.5gal,0.7gal
566,7/24/2026 1:00:00 PM,85409.5gal,0gal
567,7/24/2026 2:00:00 PM,-,-
568,7/24/2026 3:00:00 PM,85413.9gal,4.4gal
569,7/24/2026 4:00:00 PM,85413.9gal,0gal
570,7/24/2026 5:00:00 PM,85413.9gal,0gal
571,7/24/2026 6:00:00 PM,85413.9gal,0gal
572,7/24/2026 7:00:00 PM,85413.9gal,0gal
573,7/24/2026 8:00:00 PM,85418.3gal,4.4gal
574,7/24/2026 9:00:00 PM,85418.3gal,0gal
575,7/24/2026 10:00:00 PM,85418.3gal,0gal
576,7/24/2026 11:00:00 PM,85418.3gal,0gal
577,7/25/2026,85418.3gal,0gal
578,7/25/2026 1:00:00 AM,85418.3gal,0gal
579,7/25/2026 2:00:00 AM,85418.3gal,0gal
580,7/25/2026 3:00:00 AM,85423.2gal,4.9gal
581,7/25/2026 4:00:00 AM,85423.2gal,0gal
582,7/25/2026 5:00:00 AM,-,-
583,7/25/2026 6:00:00 AM,-,-
584,7/25/2026 7:00:00 AM,-,-
585,7/25/2026 8:00:00 AM,-,-
586,7/25/2026 9:00:00 AM,85428.2gal,5gal
587,7/25/2026 10:00:00 AM,85428.2gal,0gal
588,7/25/2026 11:00:00 AM,85428.2gal,0gal
589,7/25/2026 12:00:00 PM,85428.2gal,0gal
590,7/25/2026 1:00:00 PM,85428.2gal,0gal
591,7/25/2026 2:00:00 PM,85428.2gal,0gal
592,7/25/2026 3:00:00 PM,85433.2gal,5gal
593,7/25/2026 4:00:00 PM,85433.2gal,0gal
594,7/25/2026 5:00:00 PM,85433.2gal,0gal
595,7/25/2026 6:00:00 PM,85433.2gal,0gal
596,7/25/2026 7:00:00 PM,-,-
597,7/25/2026 8:00:00 PM,85434.8gal,1.6gal
598,7/25/2026 9:00:00 PM,85434.8gal,0gal
599,7/25/2026 10:00:00 PM,85434.8gal,0gal
600,7/25/2026 11:00:00 PM,85439.3gal,4.5gal
601,7/26/2026,85439.3gal,0gal
602,7/26/2026 1:00:00 AM,85439.3gal,0gal
603,7/26/2026 2:00:00 AM,85439.3gal,0gal
604,7/26/2026 3:00:00 AM,85439.3gal,0gal
605,7/26/2026 4:00:00 AM,85439.3gal,0gal
606,7/26/2026 5:00:00 AM,85443.8gal,4.5gal
607,7/26/2026 6:00:00 AM,85443.8gal,0gal
608,7/26/2026 7:00:00 AM,-,-
609,7/26/2026 8:00:00 AM,-,-
610,7/26/2026 9:00:00 AM,-,-
611,7/26/2026 10:00:00 AM,85448.9gal,5.1gal
612,7/26/2026 11:00:00 AM,85448.9gal,0gal
613,7/26/2026 12:00:00 PM,85448.9gal,0gal
614,7/26/2026 1:00:00 PM,85475.9gal,27gal
615,7/26/2026 2:00:00 PM,85478gal,2.1gal
616,7/26/2026 3:00:00 PM,85478gal,0gal
617,7/26/2026 4:00:00 PM,85478gal,0gal
618,7/26/2026 5:00:00 PM,85482.7gal,4.7gal
619,7/26/2026 6:00:00 PM,85482.7gal,0gal
620,7/26/2026 7:00:00 PM,85482.7gal,0gal
621,7/26/2026 8:00:00 PM,85482.7gal,0gal
622,7/26/2026 9:00:00 PM,85482.7gal,0gal
623,7/26/2026 10:00:00 PM,85482.7gal,0gal
624,7/26/2026 11:00:00 PM,85482.7gal,0gal
625,7/27/2026,85487.6gal,4.9gal
626,7/27/2026 1:00:00 AM,85487.6gal,0gal
627,7/27/2026 2:00:00 AM,85487.9gal,0.3gal
628,7/27/2026 3:00:00 AM,85487.9gal,0gal
629,7/27/2026 4:00:00 AM,85487.9gal,0gal
630,7/27/2026 5:00:00 AM,85487.9gal,0gal
631,7/27/2026 6:00:00 AM,-,-
632,7/27/2026 7:00:00 AM,85492.7gal,4.8gal
633,7/27/2026 8:00:00 AM,85493gal,0.3gal
634,7/27/2026 9:00:00 AM,85493gal,0gal
635,7/27/2026 10:00:00 AM,-,-
636,7/27/2026 11:00:00 AM,85497.7gal,4.7gal
637,7/27/2026 12:00:00 PM,85499gal,1.3gal
638,7/27/2026 1:00:00 PM,85499gal,0gal
639,7/27/2026 2:00:00 PM,85499gal,0gal
640,7/27/2026 3:00:00 PM,85499gal,0gal
641,7/27/2026 4:00:00 PM,85499gal,0gal
642,7/27/2026 5:00:00 PM,85499gal,0gal
643,7/27/2026 6:00:00 PM,85499gal,0gal
644,7/27/2026 7:00:00 PM,85499gal,0gal
645,7/27/2026 8:00:00 PM,85503.3gal,4.3gal
646,7/27/2026 9:00:00 PM,85503.3gal,0gal
647,7/27/2026 10:00:00 PM,85503.3gal,0gal
648,7/27/2026 11:00:00 PM,85503.3gal,0gal
649,7/28/2026,85504.1gal,0.8gal
650,7/28/2026 1:00:00 AM,85504.1gal,0gal
651,7/28/2026 2:00:00 AM,85504.1gal,0gal
652,7/28/2026 3:00:00 AM,85504.1gal,0gal
653,7/28/2026 4:00:00 AM,-,-
654,7/28/2026 5:00:00 AM,85504.4gal,0.3gal
655,7/28/2026 6:00:00 AM,85504.4gal,0gal
656,7/28/2026 7:00:00 AM,85506.3gal,1.9gal
657,7/28/2026 8:00:00 AM,85506.3gal,0gal
658,7/28/2026 9:00:00 AM,85506.3gal,0gal
659,7/28/2026 10:00:00 AM,85506.5gal,0.2gal
660,7/28/2026 11:00:00 AM,85506.5gal,0gal
661,7/28/2026 12:00:00 PM,85506.6gal,0.1gal
662,7/28/2026 1:00:00 PM,85506.6gal,0gal
663,7/28/2026 2:00:00 PM,85508.8gal,2.2gal
664,7/28/2026 3:00:00 PM,85509.9gal,1.1gal
665,7/28/2026 4:00:00 PM,85512.8gal,2.9gal
666,7/28/2026 5:00:00 PM,85512.8gal,0gal
667,7/28/2026 6:00:00 PM,85512.8gal,0gal
668,7/28/2026 7:00:00 PM,85512.8gal,0gal
669,7/28/2026 8:00:00 PM,-,-
670,7/28/2026 9:00:00 PM,85517.2gal,4.4gal
671,7/28/2026 10:00:00 PM,85517.2gal,0gal
672,7/28/2026 11:00:00 PM,85517.2gal,0gal
673,7/29/2026,-,-
674,7/29/2026 1:00:00 AM,-,-
675,7/29/2026 2:00:00 AM,-,-
676,7/29/2026 3:00:00 AM,-,-
677,7/29/2026 4:00:00 AM,-,-
678,7/29/2026 5:00:00 AM,85518.2gal,1gal
679,7/29/2026 6:00:00 AM,85518.2gal,0gal
680,7/29/2026 7:00:00 AM,85523gal,4.8gal
681,7/29/2026 8:00:00 AM,85523gal,0gal
682,7/29/2026 9:00:00 AM,85523gal,0gal
683,7/29/2026 10:00:00 AM,85523gal,0gal
684,7/29/2026 11:00:00 AM,85523gal,0gal
685,7/29/2026 12:00:00 PM,-,-
686,7/29/2026 1:00:00 PM,85524.3gal,1.3gal
687,7/29/2026 2:00:00 PM,-,-
688,7/29/2026 3:00:00 PM,85529.2gal,4.9gal
689,7/29/2026 4:00:00 PM,85529.2gal,0gal
690,7/29/2026 5:00:00 PM,85529.2gal,0gal
691,7/29/2026 6:00:00 PM,-,-
692,7/29/2026 7:00:00 PM,85533.8gal,4.6gal
693,7/29/2026 8:00:00 PM,85533.8gal,0gal
694,7/29/2026 9:00:00 PM,85533.8gal,0gal
695,7/29/2026 10:00:00 PM,85538.4gal,4.6gal
696,7/29/2026 11:00:00 PM,85538.4gal,0gal
697,7/30/2026,85538.4gal,0gal
698,7/30/2026 1:00:00 AM,85538.4gal,0gal
699,7/30/2026 2:00:00 AM,85543.3gal,4.9gal
700,7/30/2026 3:00:00 AM,85543.3gal,0gal
701,7/30/2026 4:00:00 AM,85543.3gal,0gal
702,7/30/2026 5:00:00 AM,85543.3gal,0gal
703,7/30/2026 6:00:00 AM,85548gal,4.7gal
704,7/30/2026 7:00:00 AM,85548gal,0gal
705,7/30/2026 8:00:00 AM,-,-
706,7/30/2026 9:00:00 AM,85549.8gal,1.8gal
707,7/30/2026 10:00:00 AM,-,-
708,7/30/2026 11:00:00 AM,85571.8gal,22gal
709,7/30/2026 12:00:00 PM,85572.3gal,0.5gal
710,7/30/2026 1:00:00 PM,85572.3gal,0gal
711,7/30/2026 2:00:00 PM,-,-
712,7/30/2026 3:00:00 PM,85576.8gal,4.5gal
713,7/30/2026 4:00:00 PM,85576.8gal,0gal
714,7/30/2026 5:00:00 PM,85576.8gal,0gal
715,7/30/2026 6:00:00 PM,-,-
716,7/30/2026 7:00:00 PM,-,-
717,7/30/2026 8:00:00 PM,-,-
718,7/30/2026 9:00:00 PM,85581.8gal,5gal
719,7/30/2026 10:00:00 PM,85581.8gal,0gal
720,7/30/2026 11:00:00 PM,85581.8gal,0gal
721,7/31/2026,85581.8gal,0gal
